{
  "name": "ITMO University",
  "rector": "Васильев Владимир Николаевич",
  "location": {
    "postcode": "12312313",
    "city": "St. Petersburg",
    "address": "Kronv 49"
  },
  "units": {
    "administration": [
      {
        "name": "Ректорат",
        "id": 1,
        "head": {
          "name": "Васильев Владимир Николаевич",
          "position": "Ректор",
          "tab_number": "4234524"
        }
      },
      {
        "name": "Бухгалтерия",
        "id": 2,
        "head": {
          "name": "Михеева Светлана Яковлевна",
          "position": "Начальник общего отдела бухгалтерии",
          "tab_number": "4234524"
        }
      }
    ],
    "education": [
      {
        "name": "Мегафакультет компьютерных технологий и управления",
        "id": 3,
        "head": {
          "name": "Петр Петрович Петров",
          "position": "к.т.н.",
          "tab_number": "42344524"
        },
        "faculties": [
          {
            "name": "Факультет программной инженерии и компьютерной техники",
            "id": 4,
            "head": {
              "name": "Кустарев Павел Валерьевич",
              "position": "декан факультета программной инженерии и компьютерной техники",
              "tab_number": "42334524"
            },
            "cathedr": [
              {
                "name": "Какая-то кафедра",
                "id": 123,
                "head": {
                  "name": "Деревьев Павел Валерьевич1",
                  "position": "гыргыргыр",
                  "tab_number": "34524"
                },
                "teachers": [
                  {
                    "name": "Преподаватель 1",
                    "position": "ыр",
                    "tab_number": "44524"
                  },
                  {
                    "name": "Преподаватель 2",
                    "position": "ыр",
                    "tab_number": "44424"
                  }
                ],
                "education_programs": [
                  {
                    "name": "Приборостроение",
                    "id": 1463,
                    "discipline": "Информатика",
                    "year": {
                      "2016/2017": [
                        {
                          "name": "K3120",
                          "students": [
                            {
                              "name": "Умный студент",
                              "tab_number": "423344524",
                              "scholarship": "124121"
                            },
                            {
                              "name": "Тупой студент",
                              "tab_number": "423434524",
                              "scholarship": "12421"
                            },
                            {
                              "name": "Сколько можно заполнять",
                              "tab_number": "4233442524",
                              "scholarship": "124121"
                            }
                          ]
                        },
                        {
                          "name": "K3110",
                          "students": [
                            {
                              "name": "Господи как я устал",
                              "tab_number": "4224",
                              "scholarship": "12423121"
                            },
                            {
                              "name": "Апутите меня плез",
                              "tab_number": "423445",
                              "scholarship": "124221"
                            },
                            {
                              "name": "Сколько можно заполнять",
                              "tab_number": "424524",
                              "scholarship": "124121"
                            }
                          ]
                        }
                      ],
                      "2015/2016": [
                        {
                          "name": "K3120",
                          "students": [
                            {
                              "name": "Господи как я устал",
                              "tab_number": "42344524",
                              "scholarship": "124121"
                            },
                            {
                              "name": "Апутите меня плез",
                              "tab_number": "42344524",
                              "scholarship": "12421"
                            },
                            {
                              "name": "Сколько можно заполнять",
                              "tab_number": "42344524",
                              "scholarship": "124121"
                            }
                          ]
                        }
                      ]
                    }
                  }
                ]
              },
              {
                "name": "Какая-то кафедра2",
                "id": 123,
                "head": {
                  "name": "Деревьев Павел Валерьевич1",
                  "position": "гыргыргыр",
                  "tab_number": "34524"
                },
                "teachers": [
                  {
                    "name": "Преподаватель 1",
                    "position": "ыр",
                    "tab_number": "44524"
                  },
                  {
                    "name": "Преподаватель 2",
                    "position": "ыр",
                    "tab_number": "44424"
                  }
                ],
                "education_programs": [
                  {
                    "name": "Приборостроение",
                    "id": 1463,
                    "discipline": "Информатика",
                    "year": {
                      "2016/2017": [
                        {
                          "name": "K3120",
                          "students": [
                            {
                              "name": "Умный студент",
                              "tab_number": "423344524",
                              "scholarship": "124121"
                            },
                            {
                              "name": "Тупой студент",
                              "tab_number": "423434524",
                              "scholarship": "12421"
                            },
                            {
                              "name": "Сколько можно заполнять",
                              "tab_number": "4233442524",
                              "scholarship": "124121"
                            }
                          ]
                        },
                        {
                          "name": "K3110",
                          "students": [
                            {
                              "name": "Господи как я устал",
                              "tab_number": "4224",
                              "scholarship": "12423121"
                            },
                            {
                              "name": "Апутите меня плез",
                              "tab_number": "423445",
                              "scholarship": "124221"
                            },
                            {
                              "name": "Сколько можно заполнять",
                              "tab_number": "424524",
                              "scholarship": "124121"
                            }
                          ]
                        }
                      ],
                      "2015/2016": [
                        {
                          "name": "K3120",
                          "students": [
                            {
                              "name": "Господи как я устал",
                              "tab_number": "42344524",
                              "scholarship": "124121"
                            },
                            {
                              "name": "Апутите меня плез",
                              "tab_number": "42344524",
                              "scholarship": "12421"
                            },
                            {
                              "name": "Сколько можно заполнять",
                              "tab_number": "42344524",
                              "scholarship": "124121"
                            }
                          ]
                        }
                      ]
                    }
                  }
                ]
              }
            ]
          },
          {
            "name": "Факультет безопасности информационных технологий",
            "id": 12312313,
            "head": {
              "name": "Заколдаев Данил Анатольевич",
              "position": "декан факультета безопасности информационных технологий",
              "tab_number": "424524"
            },
            "cathedr": [
              {
                "name": "Какая-то кафедра 2",
                "id": 12312,
                "head": {
                  "name": "Кустттт Павел Валерьевич",
                  "position": "гыргыргыр",
                  "tab_number": "4224"
                },
                "teachers": [
                  {
                    "name": "Преподаватель 1",
                    "position": "ыр",
                    "tab_number": "44524"
                  },
                  {
                    "name": "Преподаватель 2",
                    "position": "ыр",
                    "tab_number": "44424"
                  }
                ],
                "education_programs": [
                  {
                    "name": "Веб программирование",
                    "id": 1231235,
                    "discipline": "Информатика",
                    "year": {
                      "2016/2017": [
                        {
                          "name": "K3120",
                          "students": [
                            {
                              "name": "Господи как я устал",
                              "tab_number": "42344524",
                              "scholarship": "124121"
                            },
                            {
                              "name": "Апутите меня плез",
                              "tab_number": "42344524",
                              "scholarship": "12421"
                            },
                            {
                              "name": "Сколько можно заполнять",
                              "tab_number": "42344524",
                              "scholarship": "124121"
                            }
                          ]
                        }
                      ],
                      "2015/2016": [
                        {
                          "name": "K3120",
                          "students": [
                            {
                              "name": "Господи как я устал",
                              "tab_number": "42344524",
                              "scholarship": "124121"
                            },
                            {
                              "name": "Апутите меня плез",
                              "tab_number": "42344524",
                              "scholarship": "12421"
                            },
                            {
                              "name": "Сколько можно заполнять",
                              "tab_number": "42344524",
                              "scholarship": "124121"
                            }
                          ]
                        }
                      ]
                    }
                  }
                ]
              }
            ]
          }
        ]
      },
      {
        "name": "Мегафакультет фотоники",
        "id": 5,
        "head": {
          "name": "Петр Петрович Васильев",
          "position": "к.т.н.",
          "tab_number": "4223344524"
        },
        "faculties": [
          {
            "name": "Факультет программной инженерии и компьютерной техники",
            "id": 4,
            "head": {
              "name": "Кустарев Павел Валерьевич",
              "position": "декан факультета программной инженерии и компьютерной техники",
              "tab_number": "42334524"
            },
            "cathedr": [
              {
                "name": "Блаблаблабла",
                "id": 123132,
                "head": {
                  "name": "Деревьев Павел Валерьевич",
                  "position": "гыргыргыр",
                  "tab_number": "42334524"
                },
                "teachers": [
                  {
                    "name": "Преподаватель 1",
                    "position": "ыр",
                    "tab_number": "44524"
                  },
                  {
                    "name": "Преподаватель 2",
                    "position": "ыр",
                    "tab_number": "44424"
                  }
                ],
                "education_programs": [
                  {
                    "name": "Игродел)0)",
                    "id": 112223,
                    "discipline": "Информатика",
                    "year": {
                      "2016/2017": [
                        {
                          "name": "K3120",
                          "students": [
                            {
                              "name": "Господи как я устал",
                              "tab_number": "42344524",
                              "scholarship": "124121"
                            },
                            {
                              "name": "Апутите меня плез",
                              "tab_number": "42344524",
                              "scholarship": "12421"
                            },
                            {
                              "name": "Сколько можно заполнять",
                              "tab_number": "42344524",
                              "scholarship": "124121"
                            }
                          ]
                        }
                      ],
                      "2015/2016": [
                        {
                          "name": "K3160",
                          "students": [
                            {
                              "name": "Господи как я устал",
                              "tab_number": "42344524",
                              "scholarship": "124121"
                            },
                            {
                              "name": "Апутите меня плез",
                              "tab_number": "42344524",
                              "scholarship": "12421"
                            },
                            {
                              "name": "Сколько можно заполнять",
                              "tab_number": "42344524",
                              "scholarship": "124121"
                            }
                          ]
                        }
                      ]
                    }
                  }
                ]
              }
            ]
          },
          {
            "name": "Факультет безопасности информационных технологий",
            "id": 12312313,
            "head": {
              "name": "Заколдаев Данил Анатольевич",
              "position": "декан факультета безопасности информационных технологий",
              "tab_number": "424524"
            },
            "cathedr": [
              {
                "name": "Бла12313123",
                "id": 12312,
                "head": {
                  "name": "Гыр Павел Валерьевич",
                  "position": "гыргыргыр",
                  "tab_number": "42334524"
                },
                "teachers": [
                  {
                    "name": "Преподаватель 1",
                    "position": "ыр",
                    "tab_number": "44524"
                  },
                  {
                    "name": "Преподаватель 2",
                    "position": "ыр",
                    "tab_number": "44424"
                  }
                ],
                "education_programs": [
                  {
                    "name": "Системное программирование",
                    "id": 123,
                    "discipline": "Информатика",
                    "year": {
                      "2016/2017": [
                        {
                          "name": "K3120",
                          "students": [
                            {
                              "name": "Господи как я устал",
                              "tab_number": "42344524",
                              "scholarship": "124121"
                            },
                            {
                              "name": "Апутите меня плез",
                              "tab_number": "42344524",
                              "scholarship": "12421"
                            },
                            {
                              "name": "Сколько можно заполнять",
                              "tab_number": "42344524",
                              "scholarship": "124121"
                            }
                          ]
                        }
                      ],
                      "2015/2016": [
                        {
                          "name": "K3120",
                          "students": [
                            {
                              "name": "Студент",
                              "tab_number": "42344524",
                              "scholarship": "124121"
                            },
                            {
                              "name": "Апутите меня плез",
                              "tab_number": "42344524",
                              "scholarship": "12421"
                            },
                            {
                              "name": "Сколько можно заполнять",
                              "tab_number": "42344524",
                              "scholarship": "124121"
                            }
                          ]
                        }
                      ]
                    }
                  }
                ]
              }
            ]
          },
          {
            "name": "Факультет тестовый",
            "id": 5,
            "head": {
              "name": "ГЫГЫГЫ Павел Валерьевич",
              "position": "декан факультета программной инженерии и компьютерной техники",
              "tab_number": "42334524"
            },
            "cathedr": [
              {
                "name": "Блаблаблабла",
                "id": 123132,
                "head": {
                  "name": "Деревьев Павел Валерьевич",
                  "position": "гыргыргыр",
                  "tab_number": "42334524"
                },
                "teachers": [
                  {
                    "name": "Преподаватель 1",
                    "position": "ыр",
                    "tab_number": "44524"
                  },
                  {
                    "name": "Преподаватель 2",
                    "position": "ыр",
                    "tab_number": "44424"
                  }
                ],
                "education_programs": [
                  {
                    "name": "Игродел)0)",
                    "id": 112223,
                    "discipline": "Информатика",
                    "year": {
                      "2016/2017": [
                        {
                          "name": "K3120",
                          "students": [
                            {
                              "name": "Господи как я устал",
                              "tab_number": "42344524",
                              "scholarship": "124121"
                            },
                            {
                              "name": "Апутите меня плез",
                              "tab_number": "42344524",
                              "scholarship": "12421"
                            },
                            {
                              "name": "Сколько можно заполнять",
                              "tab_number": "42344524",
                              "scholarship": "124121"
                            }
                          ]
                        }
                      ],
                      "2015/2016": [
                        {
                          "name": "K3160",
                          "students": [
                            {
                              "name": "Господи как я устал",
                              "tab_number": "42344524",
                              "scholarship": "124121"
                            },
                            {
                              "name": "Апутите меня плез",
                              "tab_number": "42344524",
                              "scholarship": "12421"
                            },
                            {
                              "name": "Сколько можно заполнять",
                              "tab_number": "42344524",
                              "scholarship": "124121"
                            }
                          ]
                        }
                      ]
                    }
                  }
                ]
              },
              {
                "name": "ыыыыыыы",
                "id": 123132,
                "head": {
                  "name": "Деревьев Павел Валерьевич",
                  "position": "гыргыргыр",
                  "tab_number": "42334524"
                },
                "teachers": [
                  {
                    "name": "Преподаватель 1",
                    "position": "ыр",
                    "tab_number": "44524"
                  },
                  {
                    "name": "Преподаватель 2",
                    "position": "ыр",
                    "tab_number": "44424"
                  }
                ],
                "education_programs": [
                  {
                    "name": "Игродел)0)",
                    "id": 112223,
                    "discipline": "Информатика",
                    "year": {
                      "2016/2017": [
                        {
                          "name": "K3120",
                          "students": [
                            {
                              "name": "Господи как я устал",
                              "tab_number": "42344524",
                              "scholarship": "124121"
                            },
                            {
                              "name": "Апутите меня плез",
                              "tab_number": "42344524",
                              "scholarship": "12421"
                            },
                            {
                              "name": "Сколько можно заполнять",
                              "tab_number": "42344524",
                              "scholarship": "124121"
                            }
                          ]
                        }
                      ],
                      "2015/2016": [
                        {
                          "name": "K3160",
                          "students": [
                            {
                              "name": "Господи как я устал",
                              "tab_number": "42344524",
                              "scholarship": "124121"
                            },
                            {
                              "name": "Апутите меня плез",
                              "tab_number": "42344524",
                              "scholarship": "12421"
                            },
                            {
                              "name": "Сколько можно заполнять",
                              "tab_number": "42344524",
                              "scholarship": "124121"
                            }
                          ]
                        }
                      ]
                    }
                  }
                ]
              }
            ]
          }
        ]
      }
    ]
  }
}